Key,Value,Percent
Male,339226,0.7817726349848705
Female,74952,0.17273269895994414
Unknown,19741,0.045494666055185415
