Key,Value,Percent
Male,216781,0.5037318461717207
Female,211664,0.491841524340653
Unknown,1905,0.00442662948762635
